id,smoke,age
201,0,20
181,0,19
172,1,20
116,0,17
192,1,19
87,1,20
132,1,18
104,0,20
189,1,16
147,0,17
155,0,20
102,0,15
206,0,16
168,0,18
89,1,18
213,0,14
129,0,19
146,0,20
148,0,17
160,0,20
142,0,19
133,1,18
85,0,19
177,0,20
208,0,18
217,0,20
193,1,19
96,0,19
166,0,16
167,1,16
143,0,16
187,1,19
197,1,19
124,1,19
100,1,18
113,1,17
101,1,18
224,1,19
216,0,16
93,0,17
211,1,20
117,0,17
135,0,19
205,1,18
97,0,19
180,1,17
169,0,25
103,1,25
136,0,24
149,0,23
164,1,23
120,0,25
154,1,26
220,0,22
200,0,23
225,0,24
161,0,22
112,0,28
151,0,28
204,0,22
150,0,24
162,1,22
173,0,23
221,0,25
111,0,25
212,0,28
88,1,21
219,0,21
215,0,25
131,0,21
128,1,21
214,0,28
199,0,24
121,0,25
98,0,22
91,0,21
109,0,28
185,0,24
115,1,26
137,1,22
140,1,22
139,0,23
118,1,24
92,0,22
186,0,21
188,1,25
125,1,27
130,0,23
138,0,22
159,1,28
202,0,25
179,0,23
105,1,28
95,1,26
196,0,24
174,0,22
156,0,24
218,0,26
144,1,21
182,0,23
184,0,22
209,1,29
119,1,35
123,1,29
163,1,31
108,0,36
99,0,30
207,0,32
106,0,32
191,0,29
176,0,30
141,1,30
175,0,32
223,0,35
145,0,30
134,0,32
107,0,31
127,1,33
222,0,31
195,0,30
114,0,29
94,1,29
226,0,45
203,0,30
86,0,33
126,1,31
210,0,33
183,0,36
170,1,32
190,0,29
