id,visits
201,0
181,0
172,0
116,1
192,0
87,1
132,0
104,0
189,0
147,0
155,1
102,0
206,2
168,0
89,0
213,0
129,2
146,0
148,0
160,1
142,0
133,0
85,0
177,0
208,1
217,1
193,0
96,0
166,0
167,0
143,0
187,0
197,0
124,2
100,0
113,0
101,0
224,0
216,1
93,1
211,0
117,1
135,0
205,2
97,1
180,0
169,1
103,2
136,2
149,2
164,1
120,1
154,0
220,0
200,1
225,1
161,2
112,0
151,0
204,0
150,0
162,0
173,0
221,2
111,2
212,1
88,2
219,1
215,2
131,0
128,2
214,0
199,0
121,0
98,0
91,0
109,0
185,0
115,0
137,0
140,0
139,0
118,1
92,1
186,2
188,0
125,0
130,1
138,1
159,2
202,0
179,0
105,1
95,0
196,1
174,1
156,2
218,0
144,0
182,0
184,1
209,2
119,1
123,2
163,2
108,1
99,2
207,2
106,2
191,1
176,0
141,2
175,0
223,1
145,0
134,2
107,2
127,1
222,2
195,1
114,2
94,1
226,1
203,1
86,2
126,2
210,1
183,0
170,2
190,1
31,0
76,2
44,0
68,2
23,0
45,0
51,0
49,0
71,2
83,0
50,0
27,2
33,2
47,0
40,2
60,0
78,0
37,0
34,0
57,0
62,0
25,1
81,2
17,1
20,1
82,0
43,0
61,0
59,1
77,0
42,1
13,0
30,0
26,0
35,0
28,2
67,1
4,0
16,0
69,0
29,0
84,2
32,1
36,0
63,0
18,1
46,1
15,0
52,2
79,2
54,0
24,0
75,1
19,0
11,0
56,1
65,0
10,2
22,0
